{
  "Constant 0": {
    "stage_0_init": {
      "amplitudes_real": [
        0.0,
        0.0,
        1.0,
        0.0
      ],
      "amplitudes_imag": [
        0.0,
        0.0,
        0.0,
        0.0
      ],
      "probabilities": [
        0.0,
        0.0,
        1.0,
        0.0
      ]
    },
    "stage_1_hadamard": {
      "amplitudes_real": [
        0.4999999999999999,
        0.4999999999999999,
        -0.4999999999999999,
        -0.4999999999999999
      ],
      "amplitudes_imag": [
        0.0,
        0.0,
        0.0,
        0.0
      ],
      "probabilities": [
        0.2499999999999999,
        0.2499999999999999,
        0.2499999999999999,
        0.2499999999999999
      ]
    },
    "stage_2_oracle": {
      "amplitudes_real": [
        0.4999999999999999,
        0.4999999999999999,
        -0.4999999999999999,
        -0.4999999999999999
      ],
      "amplitudes_imag": [
        0.0,
        0.0,
        0.0,
        0.0
      ],
      "probabilities": [
        0.2499999999999999,
        0.2499999999999999,
        0.2499999999999999,
        0.2499999999999999
      ]
    },
    "stage_3_final_h": {
      "amplitudes_real": [
        0.7071067811865474,
        2.299347170293092e-17,
        -0.7071067811865474,
        -2.299347170293092e-17
      ],
      "amplitudes_imag": [
        0.0,
        0.0,
        0.0,
        0.0
      ],
      "probabilities": [
        0.4999999999999998,
        5.286997409534849e-34,
        0.4999999999999998,
        5.286997409534849e-34
      ]
    }
  },
  "Constant 1": {
    "stage_0_init": {
      "amplitudes_real": [
        0.0,
        0.0,
        1.0,
        0.0
      ],
      "amplitudes_imag": [
        0.0,
        0.0,
        0.0,
        0.0
      ],
      "probabilities": [
        0.0,
        0.0,
        1.0,
        0.0
      ]
    },
    "stage_1_hadamard": {
      "amplitudes_real": [
        0.4999999999999999,
        0.4999999999999999,
        -0.4999999999999999,
        -0.4999999999999999
      ],
      "amplitudes_imag": [
        0.0,
        0.0,
        0.0,
        0.0
      ],
      "probabilities": [
        0.2499999999999999,
        0.2499999999999999,
        0.2499999999999999,
        0.2499999999999999
      ]
    },
    "stage_2_oracle": {
      "amplitudes_real": [
        -0.4999999999999999,
        -0.4999999999999999,
        0.4999999999999999,
        0.4999999999999999
      ],
      "amplitudes_imag": [
        0.0,
        0.0,
        0.0,
        0.0
      ],
      "probabilities": [
        0.2499999999999999,
        0.2499999999999999,
        0.2499999999999999,
        0.2499999999999999
      ]
    },
    "stage_3_final_h": {
      "amplitudes_real": [
        -0.7071067811865474,
        -2.299347170293092e-17,
        0.7071067811865474,
        2.299347170293092e-17
      ],
      "amplitudes_imag": [
        0.0,
        0.0,
        0.0,
        0.0
      ],
      "probabilities": [
        0.4999999999999998,
        5.286997409534849e-34,
        0.4999999999999998,
        5.286997409534849e-34
      ]
    }
  },
  "Identity (Balanced)": {
    "stage_0_init": {
      "amplitudes_real": [
        0.0,
        0.0,
        1.0,
        0.0
      ],
      "amplitudes_imag": [
        0.0,
        0.0,
        0.0,
        0.0
      ],
      "probabilities": [
        0.0,
        0.0,
        1.0,
        0.0
      ]
    },
    "stage_1_hadamard": {
      "amplitudes_real": [
        0.4999999999999999,
        0.4999999999999999,
        -0.4999999999999999,
        -0.4999999999999999
      ],
      "amplitudes_imag": [
        0.0,
        0.0,
        0.0,
        0.0
      ],
      "probabilities": [
        0.2499999999999999,
        0.2499999999999999,
        0.2499999999999999,
        0.2499999999999999
      ]
    },
    "stage_2_oracle": {
      "amplitudes_real": [
        0.4999999999999999,
        -0.4999999999999999,
        -0.4999999999999999,
        0.4999999999999999
      ],
      "amplitudes_imag": [
        0.0,
        0.0,
        0.0,
        0.0
      ],
      "probabilities": [
        0.2499999999999999,
        0.2499999999999999,
        0.2499999999999999,
        0.2499999999999999
      ]
    },
    "stage_3_final_h": {
      "amplitudes_real": [
        2.299347170293092e-17,
        0.7071067811865474,
        -2.299347170293092e-17,
        -0.7071067811865474
      ],
      "amplitudes_imag": [
        0.0,
        0.0,
        0.0,
        0.0
      ],
      "probabilities": [
        5.286997409534849e-34,
        0.4999999999999998,
        5.286997409534849e-34,
        0.4999999999999998
      ]
    }
  },
  "Negation (Balanced)": {
    "stage_0_init": {
      "amplitudes_real": [
        0.0,
        0.0,
        1.0,
        0.0
      ],
      "amplitudes_imag": [
        0.0,
        0.0,
        0.0,
        0.0
      ],
      "probabilities": [
        0.0,
        0.0,
        1.0,
        0.0
      ]
    },
    "stage_1_hadamard": {
      "amplitudes_real": [
        0.4999999999999999,
        0.4999999999999999,
        -0.4999999999999999,
        -0.4999999999999999
      ],
      "amplitudes_imag": [
        0.0,
        0.0,
        0.0,
        0.0
      ],
      "probabilities": [
        0.2499999999999999,
        0.2499999999999999,
        0.2499999999999999,
        0.2499999999999999
      ]
    },
    "stage_2_oracle": {
      "amplitudes_real": [
        -0.4999999999999999,
        0.4999999999999999,
        0.4999999999999999,
        -0.4999999999999999
      ],
      "amplitudes_imag": [
        0.0,
        0.0,
        0.0,
        0.0
      ],
      "probabilities": [
        0.2499999999999999,
        0.2499999999999999,
        0.2499999999999999,
        0.2499999999999999
      ]
    },
    "stage_3_final_h": {
      "amplitudes_real": [
        -2.299347170293092e-17,
        -0.7071067811865474,
        2.299347170293092e-17,
        0.7071067811865474
      ],
      "amplitudes_imag": [
        0.0,
        0.0,
        0.0,
        0.0
      ],
      "probabilities": [
        5.286997409534849e-34,
        0.4999999999999998,
        5.286997409534849e-34,
        0.4999999999999998
      ]
    }
  }
}